{
  "title": "Confira Vídeos em Nosso Canal : Roberta Aprea Ateliê",
  "date": "2019-05-16T16:01:40.618Z",
  "thumbnail": "",
  "description": "\n",
  "body": "![PWA]()",
  "meta_title": "Vídeos Produtos Roberta Aprea Ateliê ",
  "meta_description": "Livro do Bebê, Planners, Presentes personalizados e mais você confere em nosso canal do youtube",
  "sections": [
    {
      "type": "breadcrumbs",
      "enabled": true
    },
    {
      "type": "custom-content",
      "markdown": "<iframe width=\"100%\" height=\"315\" src=\"https://www.youtube.com/embed/wkdyLqum0fg\" title=\"YouTube video player\" frameborder=\"0\" allow=\"accelerometer; autoplay; clipboard-write; encrypted-media; gyroscope; picture-in-picture\" allowfullscreen></iframe>\n\n# **[Inscreva-se e veja todos os Vídeos de Produtos da Loja ](https://www.youtube.com/channel/UCQvDh1M7K2bBN2cWdm4gexA/playlists)**"
    },
    {
      "type": "collection-shelf",
      "shuffle": false,
      "limit": 12,
      "page": 1,
      "sort": "news"
    },
    {
      "type": "info-bar",
      "enabled": true
    }
  ]
}