{
  "assetsByChunkName": {
    "vendors~app-account~app-confirmation~app-order": "chunk.abf433746596a77ae0e0.js",
    "vendors~app-account~app-checkout": "chunk.69f60f241107ef92dbdc.js",
    "vendors~app-cart~app-checkout": "chunk.743e7809985352438573.js",
    "ProductVariations": "ProductVariations.8c45f4be682e225962f3.js",
    "admin": [
      "admin.0cdadc44f6fc01d8de37.js",
      "admin.0cdadc44f6fc01d8de37.js.map"
    ],
    "app-account": "chunk.0167bbf069440c5a06a5.js",
    "app-confirmation": "chunk.f965ce31176b3eb9a058.js",
    "app-order": "chunk.ff31c76d6ba654375e48.js",
    "checkout": [
      "checkout.42a6f0afbdc9d093e408.js",
      "checkout.42a6f0afbdc9d093e408.js.map"
    ],
    "storefront": [
      "storefront.a5a372b19a6d63918ccd.css",
      "storefront.29ccd0d70750897865db.js",
      "storefront.a5a372b19a6d63918ccd.css.map",
      "storefront.29ccd0d70750897865db.js.map"
    ],
    "vendors~app-cart": "chunk.0adc1ff52b3e27ec3e00.js",
    "vendors~app-checkout": "chunk.2f43342a2ce7ddcf321f.js"
  }
}