{
  "title": "Condições de entrega",
  "meta_title": "Condições de entrega - Roberta Aprea Ateliê ",
  "meta_description": "Saiba como funciona a entrega de pedidos de Roberta Aprea Ateliê",
  "body": "Todos os produtos serão enviados de acordo com a forma escolhida pelo cliente na finalização de sua compra. \n\nNossos produtos são sob encomenda.\n\n**Atente-se aos prazos** : Após Calcular seu frete o Prazo Total é a soma do prazo de produção + prazo do frete escolhido.\n\nO prazo para a entrega varia de acordo com a forma de envio escolhida e não é de nossa responsabilidade, já que a entrega fica a cargo dos Correios / Transportadora. \n\nPara região de Porto Alegre /RS - temos a Entrega Própria , modalidade que você também pode optar no final de sua compra. \n\n\nVocê será informado do[ código para rastrear sua encomenda](https://www.melhorrastreio.com.br/) por e-mail quando seu pedido for postado. \n\n\nPara pedidos que envolvam **produtos perecíveis** enviamos **Somente para\ncidade de Porto Alegre**, dúvidas[ fale conosco por Whatsapp](https://api.whatsapp.com/send?1=pt_BR&phone=55051981051965)\n\n*Estamos tomando todos os cuidados para que o envio de seus produtos sejam feitos seguindo as normas de cuidados e segurança indicados pela OMS para nossos colaboradores e clientes.*",
  "sections": [
    {
      "type": "breadcrumbs",
      "enabled": true
    },
    {
      "type": "extra-page",
      "enabled": true
    },
    {
      "type": "collection-shelf",
      "shuffle": true,
      "limit": 12,
      "page": 1,
      "sort": "news"
    },
    {
      "type": "blog",
      "enabled": true
    }
  ]
}