{
  "sections": [
    {
      "type": "breadcrumbs",
      "enabled": true
    },
    {
      "type": "page-title"
    },
    {
      "type": "document-banner",
      "enabled": true
    },
    {
      "type": "category-retail",
      "enabled": true,
      "sort": "sales"
    },
    {
      "type": "document-description",
      "enabled": true
    },
    {
      "type": "page-title",
      "title": "Veja também ",
      "description": "Produtos Personalizados em Destaque"
    },
    {
      "type": "dynamic-showcase",
      "load_more": true,
      "sort": "views"
    }
  ]
}