{
  "marketing_stripe": {
    "text": "",
    "link": ""
  },
  "contacts_stripe": {
    "pages": [
      {
        "title": "Como Encomendar? ",
        "link": "https://robertaaprea.netlify.app/pages/faq"
      },
      {
        "title": "Vídeos de Produtos ",
        "link": "https://robertaaprea.netlify.app/blog"
      },
      {
        "title": "Acompanhe seu Pedido",
        "link": "https://robertaaprea.netlify.app/app/#/account/"
      },
      {
        "title": "Suas Compras",
        "link": "https://robertaaprea.netlify.app/app/#/account/orders"
      }
    ],
    "phone_wpp": false,
    "socials": true
  },
  "categories_list": {
    "featured": [],
    "random": 6,
    "full_width": true
  },
  "search_input": true
}