{
  "meta_title": "",
  "meta_description": "",
  "sections": [
    {
      "type": "banner-slider",
      "autoplay": 9000,
      "slides": [
        {
          "start": "2021-09-13T11:10:55.016Z",
          "end": "",
          "img": "/img/uploads/slidefachada.jpg"
        },
        {
          "start": "2021-09-13T11:10:58.505Z",
          "end": "",
          "img": "/img/uploads/slidelancamento.jpg",
          "mobile_img": "/img/uploads/slidepresentes.jpg"
        },
        {
          "start": "2021-09-13T11:11:01.946Z",
          "end": "",
          "img": "/img/uploads/slidepresentes.jpg"
        }
      ]
    },
    {
      "type": "banners-grid",
      "banners": [
        {
          "img": "/img/uploads/fachada1.jpg",
          "link": "https://robertaaprea.netlify.app/pages/entrega"
        }
      ]
    },
    {
      "type": "banners-grid",
      "banners": [
        {
          "img": "/img/uploads/papelariatrio.jpg",
          "link": "https://robertaaprea.netlify.app/papelaria-personalizada"
        },
        {
          "img": "/img/uploads/presentestrio.jpg",
          "link": "https://robertaaprea.netlify.app/presentes-personalizados/"
        },
        {
          "img": "/img/uploads/lembrancastrio.jpg",
          "link": "https://robertaaprea.netlify.app/lembrancas"
        }
      ]
    },
    {
      "type": "collection-shelf",
      "shuffle": true,
      "collection_id": null,
      "limit": 12,
      "page": 1,
      "sort": "news",
      "title": "Lançamentos ",
      "link": "https://robertaaprea.netlify.app/lembrancas"
    },
    {
      "type": "collection-shelf",
      "shuffle": false,
      "limit": 12,
      "page": 1,
      "sort": "views",
      "collection_id": "610d9ec233f3ce442f8594dd:categories:Papelaria:/papelaria-personalizada",
      "title": "Papelaria Personalizada : Planners, Agendas e mais confira ",
      "link": "https://robertaaprea.netlify.app/papelaria-personalizada"
    },
    {
      "type": "collection-shelf",
      "shuffle": false,
      "limit": 12,
      "page": 1,
      "collection_id": "610d9f0d33f3ce442f85952d:categories:Mamãe & Bebê:/mamae-e-bebe",
      "sort": "views",
      "title": "Mamãe e Bebê : Da Gestação ao Primeiro Aniversário - Cuidado e Carinho para Vocês!",
      "link": "https://robertaaprea.netlify.app/mamae-e-bebe"
    },
    {
      "type": "collection-shelf",
      "shuffle": false,
      "limit": 12,
      "page": 1,
      "collection_id": "611a756bcfbcd970597f5370:categories:Presentes:/presentes-personalizados/",
      "sort": "views",
      "title": "Presentes Personalizados Exclusivos desenvolvidos com Qualidade e Carinho para  Datas Especiais ",
      "link": "https://robertaaprea.netlify.app/presentes-personalizados/"
    },
    {
      "type": "banners-grid",
      "banners": [
        {
          "img": "/img/uploads/duopag.jpg",
          "link": "https://robertaaprea.netlify.app/pages/pagamentos"
        },
        {
          "img": "/img/uploads/duo.jpg",
          "link": "https://robertaaprea.netlify.app/convites/"
        }
      ]
    },
    {
      "type": "info-bar",
      "enabled": true
    }
  ]
}