{
  "shipping": {
    "show": true,
    "text": "Envio Expresso para Porto Alegre - Confira Regiões Atendidas* ",
    "link": "https://robertaaprea.netlify.app/pages/entrega"
  },
  "installments": {
    "show": true,
    "text": "Parcele em até 3x sem juros no cartão * Pedido Mínimo R$200",
    "link": "https://robertaaprea.netlify.app/pages/pagamentos"
  },
  "exchange": {
    "show": false,
    "text": ""
  },
  "promo": {
    "show": false,
    "text": "Diferentes promoções ao longo do ano!"
  }
}