{
  "sections": [
    {
      "type": "breadcrumbs",
      "enabled": true
    },
    {
      "type": "page-title",
      "title": "Todas as Informações do Produto você encontra abaixo da Foto no campo Descrição.",
      "description": "Produtos Sob Encomenda, confira nossos prazos."
    },
    {
      "type": "product-block",
      "enabled": true
    },
    {
      "type": "custom-content",
      "markdown": "Para Produtos com Pedido Mínimo ( **Lembranças**), clicando em comprar o **valor total do pedido mínimo** é adicionado no carrinho.\n\n### Abaixo confira **mais detalhes** sobre esse Produto."
    },
    {
      "type": "product-description",
      "enabled": true
    },
    {
      "type": "product-specifications",
      "enabled": true
    },
    {
      "type": "related-products",
      "title": "Produtos relacionados"
    },
    {
      "type": "recommended-products",
      "title": "Quem comprou este produto, também comprou:"
    }
  ]
}